2020-12-27 00:41:14.161295,JANコード: 4580058720359,¥16,180,¥21,780,¥21,780,¥21,780,¥22,735,該当商品なし,該当商品なし
2020-12-27 00:41:35.221284,JANコード: 0795749724682,¥33,999,¥38,282,¥40,199,¥43,898,該当商品なし,該当商品なし,該当商品なし
2020-12-27 00:41:59.007799,JANコード: 0848061033762,¥17,800,¥18,937,¥19,880,¥21,470,該当商品なし,該当商品なし,該当商品なし
2020-12-27 00:42:23.494154,JANコード: 5025155029084,¥43,780,¥47,115,¥49,800,¥50,380,¥50,500,¥68,310,該当商品なし
2020-12-27 00:42:49.092091,JANコード: 0606098239898,¥17,000,¥21,467,¥22,691,¥24,257,¥28,771,該当商品なし,該当商品なし
2020-12-27 00:43:13.399715,JANコード: 0795749724668,¥33,999,¥38,879,¥43,089,該当商品なし,該当商品なし,該当商品なし,該当商品なし
2020-12-27 00:43:37.005952,JANコード: 4560330118982,¥44,935,¥45,580,¥47,000,¥47,300,¥47,300,¥47,670,該当商品なし
2020-12-27 00:44:03.598331,JANコード: 0810043371940,¥5,990,¥6,489,¥6,763,該当商品なし,該当商品なし,該当商品なし,該当商品なし
2020-12-27 00:44:27.621355,JANコード: 4210201212768,¥46,000,¥48,200,¥48,489,¥48,773,¥49,800,¥49,800,¥51,800
2020-12-27 00:44:53.118774,JANコード: 4589914861397,¥36,800,¥37,000,¥39,674,¥42,980,¥49,800,¥49,800,該当商品なし
2020-12-27 00:45:17.429211,JANコード: 0848061045789,¥52,500,¥57,840,該当商品なし,該当商品なし,該当商品なし,該当商品なし,該当商品なし
2020-12-27 00:45:40.896144,JANコード: 0712396718826,¥7,998,¥9,684,¥11,500,該当商品なし,該当商品なし,該当商品なし,該当商品なし
2020-12-27 00:46:05.611684,JANコード: 6973763820021,¥17,980,¥19,559,¥21,735,¥26,254,該当商品なし,該当商品なし,該当商品なし
2020-12-27 00:46:29.851912,JANコード: 4548848801503,¥57,800,¥57,800,¥57,800,¥59,000,¥59,800,¥59,800,¥67,874
2020-12-27 00:46:55.420053,JANコード: 0194644140298,¥24,800,¥24,800,¥28,776,¥29,520,該当商品なし,該当商品なし,該当商品なし
2020-12-27 00:47:19.667572,JANコード: 0673869555969,¥6,280,¥7,006,¥8,056,¥9,155,該当商品なし,該当商品なし,該当商品なし
2020-12-27 00:47:43.672328,JANコード: 0635414207945,¥3,999,¥4,419,¥4,515,¥6,004,該当商品なし,該当商品なし,該当商品なし
2020-12-27 00:48:08.664097,JANコード: 6971579941985,¥24,087,該当商品なし,該当商品なし,該当商品なし,該当商品なし,該当商品なし,該当商品なし
2020-12-27 00:48:32.149442,JANコード: 4549980346204,¥124,016,¥128,800,¥129,800,¥130,800,¥131,000,¥131,210,該当商品なし
2020-12-27 00:48:58.824983,JANコード: 4549980630563,¥23,100,¥24,700,¥25,380,¥25,380,¥25,380,¥25,830,¥26,200
2020-12-27 00:49:25.312405,JANコード: 4536117035346,¥6,561,¥6,680,¥6,980,¥6,980,該当商品なし,該当商品なし,該当商品なし
2020-12-27 00:49:48.757569,JANコード: 6972200192844,¥42,800,該当商品なし,該当商品なし,該当商品なし,該当商品なし,該当商品なし,該当商品なし
2020-12-27 00:50:17.206450,JANコード: 0764690417523,¥12,999,¥14,008,¥16,079,該当商品なし,該当商品なし,該当商品なし,該当商品なし
2020-12-27 00:50:41.169757,JANコード: 4589919806447,¥7,920,¥8,980,¥8,980,¥9,480,¥9,955,¥9,980,¥9,980
2020-12-27 00:51:08.748098,JANコード: 4962752003301,¥7,773,¥7,940,¥8,175,¥8,230,¥8,270,¥8,330,該当商品なし
2020-12-27 00:51:35.612662,JANコード: 0810051303940,¥33,263,読み込みエラー⇒ amazonの価格はこちらをクリックして確認してください,該当商品なし,該当商品なし
